{"_step":500,"max_egenvalue_W1_SGD_100_5.3045":19.212486267089844,"max_egenvalue_W2_SGD_100_5.3045":10.505373001098633,"max_hessian_auto_SGD_100_5.3045":9.15496826171875,"_wandb":{"runtime":27},"loss":0.005454207304865122,"_timestamp":1.7474938713917441e+09,"_runtime":27.00180471}