{"_timestamp":1.74749378226258e+09,"_runtime":23.242832134,"_step":50,"max_hessian_auto_SGD_100_5.305":NaN,"max_egenvalue_W1_SGD_100_5.305":NaN,"max_egenvalue_W2_SGD_100_5.305":NaN,"_wandb":{"runtime":23},"loss":NaN}