{"Raw_Hessian_Eigenvalues/Top_4":0.1402473747730255,"Raw_Hessian_Eigenvalues/Top_45":0.016497645527124405,"Raw_Hessian_Eigenvalues/Top_10":0.09403359144926071,"Raw_Hessian_Eigenvalues/Top_35":0.018662666901946068,"Raw_Hessian_Eigenvalues/Top_49":0.01579979620873928,"Raw_Hessian_Eigenvalues/Top_21":0.06257937103509903,"Raw_Hessian_Eigenvalues/Top_46":0.016358522698283195,"Raw_Hessian_Eigenvalues/Top_23":0.06257947534322739,"Raw_Hessian_Eigenvalues/Top_24":0.06257937848567963,"Raw_Hessian_Eigenvalues/Top_6":0.10444143414497375,"Raw_Hessian_Eigenvalues/Top_33":0.031710512936115265,"Raw_Hessian_Eigenvalues/Top_43":0.01662485860288143,"Raw_Hessian_Eigenvalues/Top_7":0.1003696620464325,"Raw_Hessian_Eigenvalues/Top_14":0.06432723999023438,"Raw_Hessian_Eigenvalues/Top_40":0.018228014931082726,"Raw_Hessian_Eigenvalues/Top_8":0.09428288787603378,"Raw_Hessian_Eigenvalues/Top_2":0.15847638249397278,"Raw_Hessian_Eigenvalues/Top_50":0.015799786895513535,"Raw_Hessian_Eigenvalues/Top_39":0.018439479172229767,"Raw_Hessian_Eigenvalues/Top_37":0.018579842522740364,"Raw_Hessian_Eigenvalues/Top_9":0.09412979334592819,"Raw_Hessian_Eigenvalues/Top_3":0.1425105631351471,"Raw_Hessian_Eigenvalues/Top_17":0.06412916630506516,"Raw_Hessian_Eigenvalues/Top_30":0.039745330810546875,"_wandb":{"runtime":13599},"Raw_Hessian_Eigenvalues/Top_15":0.06424994021654129,"Raw_Hessian_Eigenvalues/Top_48":0.015799790620803833,"Training_Loss_Plot":{"sha256":"f61fb44b59ae581f11fe791bc67e040a7a7007f99c6e2d1691d9347d2c9873bb","size":234201,"path":"media/images/Training_Loss_Plot_500_f61fb44b59ae581f11fe.png","format":"png","width":3566,"height":2380,"_type":"image-file"},"Raw_Hessian_Eigenvalues/Top_38":0.018551157787442207,"Training Loss":4.737296876555774e-06,"max_raw_hessian_SGD_1.0_0.01_12138":0.2567676901817322,"Raw_Hessian_Eigenvalues/Top_31":0.034210026264190674,"Raw_Hessian_Eigenvalues/Top_19":0.0636967271566391,"Raw_Hessian_Eigenvalues/Top_32":0.03296247124671936,"Raw_Hessian_Eigenvalues/Top_34":0.030499564483761787,"Raw_Hessian_Eigenvalues/Top_44":0.016574140638113022,"Raw_Hessian_Eigenvalues/Top_47":0.015799785032868385,"Raw_Hessian_Eigenvalues/Top_20":0.06257934123277664,"Raw_Hessian_Eigenvalues/Top_26":0.052789777517318726,"Raw_Hessian_Eigenvalues/Top_16":0.06421901285648346,"Raw_Hessian_Eigenvalues/Top_42":0.016644813120365143,"Raw_Hessian_Eigenvalues/Top_28":0.04218006879091263,"_timestamp":1.748616603508057e+09,"Raw_Hessian_Eigenvalues/Top_1":0.2567676901817322,"Raw_Hessian_Eigenvalues/Top_25":0.06257955729961395,"Raw_Hessian_Eigenvalues/Top_11":0.09407537430524826,"Raw_Hessian_Eigenvalues/Top_27":0.043551720678806305,"Raw_Hessian_Eigenvalues/Top_29":0.042518164962530136,"Raw_Hessian_Eigenvalues/Top_36":0.018607089295983315,"Raw_Hessian_Eigenvalues/Top_5":0.11914245784282684,"Raw_Hessian_Eigenvalues/Top_41":0.016658881679177284,"Raw_Hessian_Eigenvalues/Top_13":0.09321504831314087,"Raw_Hessian_Eigenvalues/Top_12":0.09374939650297165,"Raw_Hessian_Eigenvalues/Top_18":0.06397867947816849,"Raw_Hessian_Eigenvalues/Top_22":0.0625796988606453,"Top_K_Raw_Eigenvalues_Plot":{"format":"png","width":4782,"height":3580,"_type":"image-file","sha256":"74e7495a0c8bf024078e752d3899701c09c0aa803b138d4bff7540c55ac3a258","size":747450,"path":"media/images/Top_K_Raw_Eigenvalues_Plot_501_74e7495a0c8bf024078e.png"},"_step":501,"_runtime":13599.195721815}