{"max_hessian_auto_SGD_1.0_10.0_12138":0.5379423499107361,"_timestamp":1.7485301323663907e+09,"_runtime":19.443135107,"_wandb":{"runtime":19},"_step":500}