{"_step":500,"_wandb":{"runtime":14},"Training Loss":0.0020260156597942114,"_timestamp":1.7485326981516488e+09,"_runtime":14.110120573}