{"Raw_Hessian_Eigenvalues/Top_15":0.10009169578552246,"Raw_Hessian_Eigenvalues/Top_10":0.11551633477210999,"Raw_Hessian_Eigenvalues/Top_36":0.043714739382267,"Raw_Hessian_Eigenvalues/Top_32":0.04729326814413071,"Raw_Hessian_Eigenvalues/Top_9":0.11820419132709503,"Raw_Hessian_Eigenvalues/Top_43":0.03519320487976074,"Raw_Hessian_Eigenvalues/Top_41":0.038114964962005615,"Training_Loss_Plot":{"height":2380,"_type":"image-file","sha256":"3a8f2939f324ad735f17b121a1eb46ce32003ab9775359cf0111a44d323a6b86","size":226436,"path":"media/images/Training_Loss_Plot_500_3a8f2939f324ad735f17.png","format":"png","width":3566},"Raw_Hessian_Eigenvalues/Top_34":0.04671822488307953,"Raw_Hessian_Eigenvalues/Top_11":0.11085011065006256,"Raw_Hessian_Eigenvalues/Top_16":0.07016970962285995,"Raw_Hessian_Eigenvalues/Top_38":0.04274887591600418,"Raw_Hessian_Eigenvalues/Top_37":0.04371349513530731,"Raw_Hessian_Eigenvalues/Top_21":0.06803335249423981,"Raw_Hessian_Eigenvalues/Top_46":0.03213527798652649,"Raw_Hessian_Eigenvalues/Top_33":0.04690605774521828,"Raw_Hessian_Eigenvalues/Top_2":0.19174721837043762,"Raw_Hessian_Eigenvalues/Top_18":0.06977932900190353,"Raw_Hessian_Eigenvalues/Top_17":0.07001116126775742,"Raw_Hessian_Eigenvalues/Top_25":0.0680333599448204,"Raw_Hessian_Eigenvalues/Top_7":0.14241328835487366,"Raw_Hessian_Eigenvalues/Top_49":0.029582710936665535,"Raw_Hessian_Eigenvalues/Top_45":0.03254023939371109,"Raw_Hessian_Eigenvalues/Top_22":0.068033367395401,"Raw_Hessian_Eigenvalues/Top_6":0.1534419059753418,"Raw_Hessian_Eigenvalues/Top_29":0.05398419126868248,"Raw_Hessian_Eigenvalues/Top_47":0.03179879114031792,"_step":501,"Raw_Hessian_Eigenvalues/Top_26":0.06405356526374817,"Training Loss":2.4501202915416798e-06,"Raw_Hessian_Eigenvalues/Top_24":0.06803334504365921,"_runtime":13555.002523598,"Top_K_Raw_Eigenvalues_Plot":{"path":"media/images/Top_K_Raw_Eigenvalues_Plot_501_594cde12eb570e315fe2.png","format":"png","width":4782,"height":3580,"_type":"image-file","sha256":"594cde12eb570e315fe2fc8e4aaa020a08eb2c523fe0472c3804e7e09b7da232","size":751426},"Raw_Hessian_Eigenvalues/Top_27":0.060624703764915466,"Raw_Hessian_Eigenvalues/Top_4":0.16539114713668823,"Raw_Hessian_Eigenvalues/Top_35":0.04459235072135925,"Raw_Hessian_Eigenvalues/Top_40":0.04094722121953964,"Raw_Hessian_Eigenvalues/Top_42":0.03690928593277931,"_timestamp":1.7486166613267815e+09,"Raw_Hessian_Eigenvalues/Top_44":0.03380352258682251,"max_raw_hessian_SGD_1.0_0.01_12138":0.3316575288772583,"Raw_Hessian_Eigenvalues/Top_30":0.05054350942373276,"Raw_Hessian_Eigenvalues/Top_1":0.3316575288772583,"Raw_Hessian_Eigenvalues/Top_50":0.027663279324769974,"Raw_Hessian_Eigenvalues/Top_12":0.10147373378276825,"_wandb":{"runtime":13555},"Raw_Hessian_Eigenvalues/Top_19":0.0693819597363472,"Raw_Hessian_Eigenvalues/Top_14":0.10083774477243423,"Raw_Hessian_Eigenvalues/Top_13":0.1016043946146965,"Raw_Hessian_Eigenvalues/Top_5":0.15796133875846863,"Raw_Hessian_Eigenvalues/Top_20":0.06803334504365921,"Raw_Hessian_Eigenvalues/Top_3":0.17876267433166504,"Raw_Hessian_Eigenvalues/Top_23":0.06803330034017563,"Raw_Hessian_Eigenvalues/Top_39":0.041425637900829315,"Raw_Hessian_Eigenvalues/Top_48":0.03015778213739395,"Raw_Hessian_Eigenvalues/Top_31":0.04859795793890953,"Raw_Hessian_Eigenvalues/Top_8":0.13810396194458008,"Raw_Hessian_Eigenvalues/Top_28":0.057325735688209534}