{"hessian_eigenval_37_SGD_1.0_0.01_12138":0.05223127454519272,"hessian_eigenval_41_SGD_1.0_0.01_12138":0.05129000544548035,"hessian_eigenval_25_SGD_1.0_0.01_12138":0.07528161257505417,"hessian_eigenval_45_SGD_1.0_0.01_12138":0.04810565710067749,"hessian_eigenval_13_SGD_1.0_0.01_12138":0.14284402132034302,"hessian_eigenval_34_SGD_1.0_0.01_12138":0.05567202717065811,"hessian_eigenval_15_SGD_1.0_0.01_12138":0.12824681401252747,"hessian_eigenval_43_SGD_1.0_0.01_12138":0.04909640550613403,"hessian_eigenval_17_SGD_1.0_0.01_12138":0.12188053876161575,"max_eigenval_W3_SGD_1.0_0.01_12138":3.229560375213623,"hessian_eigenval_6_SGD_1.0_0.01_12138":0.2706197500228882,"hessian_eigenval_26_SGD_1.0_0.01_12138":0.0742969959974289,"hessian_eigenval_29_SGD_1.0_0.01_12138":0.06352384388446808,"hessian_eigenval_7_SGD_1.0_0.01_12138":0.2639926075935364,"hessian_eigenval_10_SGD_1.0_0.01_12138":0.22795619070529938,"hessian_eigenval_21_SGD_1.0_0.01_12138":0.07528221607208252,"hessian_eigenval_4_SGD_1.0_0.01_12138":0.2967805862426758,"hessian_eigenval_3_SGD_1.0_0.01_12138":0.3052626848220825,"Training Loss":1.1810105844667351e-14,"hessian_eigenval_9_SGD_1.0_0.01_12138":0.23856112360954285,"hessian_eigenval_24_SGD_1.0_0.01_12138":0.07528149336576462,"max_eigenval_W2_SGD_1.0_0.01_12138":1.5331463813781738,"hessian_eigenval_39_SGD_1.0_0.01_12138":0.05198796093463898,"hessian_eigenval_44_SGD_1.0_0.01_12138":0.04814829304814339,"hessian_eigenval_33_SGD_1.0_0.01_12138":0.057516954839229584,"hessian_eigenval_20_SGD_1.0_0.01_12138":0.07528174668550491,"hessian_eigenval_8_SGD_1.0_0.01_12138":0.255382239818573,"_wandb":{"runtime":11664},"hessian_eigenval_28_SGD_1.0_0.01_12138":0.06466171890497208,"hessian_eigenval_22_SGD_1.0_0.01_12138":0.07528125494718552,"hessian_eigenval_14_SGD_1.0_0.01_12138":0.13657012581825256,"hessian_eigenval_32_SGD_1.0_0.01_12138":0.0580231174826622,"hessian_eigenval_31_SGD_1.0_0.01_12138":0.05882694572210312,"_timestamp":1.748546586437374e+09,"hessian_eigenval_23_SGD_1.0_0.01_12138":0.07528229802846909,"_runtime":11664.66288614,"hessian_eigenval_40_SGD_1.0_0.01_12138":0.051869314163923264,"hessian_eigenval_36_SGD_1.0_0.01_12138":0.05448661744594574,"max_hessian_auto_SGD_1.0_0.01_12138":0.5403432846069336,"_step":500,"hessian_eigenval_16_SGD_1.0_0.01_12138":0.12764383852481842,"hessian_eigenval_19_SGD_1.0_0.01_12138":0.1050339788198471,"hessian_eigenval_38_SGD_1.0_0.01_12138":0.052088938653469086,"hessian_eigenval_27_SGD_1.0_0.01_12138":0.067238450050354,"hessian_eigenval_42_SGD_1.0_0.01_12138":0.050136998295784,"hessian_eigenval_12_SGD_1.0_0.01_12138":0.14826767146587372,"hessian_eigenval_5_SGD_1.0_0.01_12138":0.2816905975341797,"hessian_eigenval_18_SGD_1.0_0.01_12138":0.11105578392744064,"hessian_eigenval_11_SGD_1.0_0.01_12138":0.16240441799163818,"hessian_eigenval_35_SGD_1.0_0.01_12138":0.054531559348106384,"hessian_eigenval_30_SGD_1.0_0.01_12138":0.06205365061759949,"hessian_eigenval_1_SGD_1.0_0.01_12138":0.5403432846069336,"hessian_eigenval_2_SGD_1.0_0.01_12138":0.32413947582244873,"max_eigenval_W1_SGD_1.0_0.01_12138":7.299347400665283}