{"hessian_eigenval_16_SGD_1.0_0.01_12138":0.12764796614646912,"hessian_eigenval_34_SGD_1.0_0.01_12138":0.05567175894975662,"_timestamp":1.7485428319932075e+09,"hessian_eigenval_8_SGD_1.0_0.01_12138":0.25538259744644165,"max_eigenval_W3_SGD_1.0_0.01_12138":3.229560375213623,"hessian_eigenval_24_SGD_1.0_0.01_12138":0.0752815306186676,"hessian_eigenval_7_SGD_1.0_0.01_12138":0.2639930546283722,"hessian_eigenval_35_SGD_1.0_0.01_12138":0.05452452600002289,"hessian_eigenval_2_SGD_1.0_0.01_12138":0.32413917779922485,"hessian_eigenval_22_SGD_1.0_0.01_12138":0.07528147846460342,"max_hessian_auto_SGD_1.0_0.01_12138":0.540343165397644,"hessian_eigenval_25_SGD_1.0_0.01_12138":0.07528162002563477,"hessian_eigenval_10_SGD_1.0_0.01_12138":0.22795610129833221,"hessian_eigenval_6_SGD_1.0_0.01_12138":0.2706194221973419,"_runtime":6713.591852357,"hessian_eigenval_21_SGD_1.0_0.01_12138":0.07528162747621536,"hessian_eigenval_31_SGD_1.0_0.01_12138":0.058826811611652374,"hessian_eigenval_3_SGD_1.0_0.01_12138":0.30526286363601685,"hessian_eigenval_17_SGD_1.0_0.01_12138":0.12188070267438889,"max_eigenval_W2_SGD_1.0_0.01_12138":1.5331463813781738,"hessian_eigenval_29_SGD_1.0_0.01_12138":0.06352382898330688,"hessian_eigenval_9_SGD_1.0_0.01_12138":0.23856091499328613,"hessian_eigenval_1_SGD_1.0_0.01_12138":0.540343165397644,"hessian_eigenval_4_SGD_1.0_0.01_12138":0.29678070545196533,"hessian_eigenval_5_SGD_1.0_0.01_12138":0.28169044852256775,"hessian_eigenval_18_SGD_1.0_0.01_12138":0.11105575412511826,"hessian_eigenval_19_SGD_1.0_0.01_12138":0.10503390431404114,"hessian_eigenval_26_SGD_1.0_0.01_12138":0.07429753243923187,"hessian_eigenval_30_SGD_1.0_0.01_12138":0.06205372512340546,"max_eigenval_W1_SGD_1.0_0.01_12138":7.299347400665283,"hessian_eigenval_32_SGD_1.0_0.01_12138":0.058022961020469666,"hessian_eigenval_14_SGD_1.0_0.01_12138":0.13657018542289734,"_step":500,"hessian_eigenval_20_SGD_1.0_0.01_12138":0.0752820149064064,"hessian_eigenval_13_SGD_1.0_0.01_12138":0.14284420013427734,"hessian_eigenval_15_SGD_1.0_0.01_12138":0.1282426416873932,"hessian_eigenval_33_SGD_1.0_0.01_12138":0.05751723796129227,"hessian_eigenval_27_SGD_1.0_0.01_12138":0.0672384649515152,"hessian_eigenval_11_SGD_1.0_0.01_12138":0.16240450739860535,"hessian_eigenval_23_SGD_1.0_0.01_12138":0.07528175413608551,"hessian_eigenval_12_SGD_1.0_0.01_12138":0.1482674479484558,"_wandb":{"runtime":6713},"Training Loss":1.1810105844667351e-14,"hessian_eigenval_28_SGD_1.0_0.01_12138":0.06466172635555267}