{"max_hessian_auto_SGD_1.0_10.0_12138":0.8828839659690857,"_timestamp":1.7485302599474216e+09,"_wandb":{"runtime":18},"_runtime":18.123114825,"_step":500}