{"_wandb":{"runtime":90},"_runtime":90.833609508,"_step":6,"loss/SGD":33.33306121826172,"_timestamp":1.745313543810656e+09}