{"Raw_Hessian_Eigenvalues/Top_44":0.012743121013045311,"Raw_Hessian_Eigenvalues/Top_9":0.08688423037528992,"Raw_Hessian_Eigenvalues/Top_32":0.014228817075490952,"Raw_Hessian_Eigenvalues/Top_27":0.03774131089448929,"Raw_Hessian_Eigenvalues/Top_45":0.012743109837174416,"Raw_Hessian_Eigenvalues/Top_1":0.2376110553741455,"Raw_Hessian_Eigenvalues/Top_48":0.012743103317916393,"Raw_Hessian_Eigenvalues/Top_37":0.01349577121436596,"Raw_Hessian_Eigenvalues/Top_13":0.06027355417609215,"Raw_Hessian_Eigenvalues/Top_39":0.01345997303724289,"Raw_Hessian_Eigenvalues/Top_14":0.06025271117687225,"max_raw_hessian_SGD_1.0_0.01_12138":0.2376110553741455,"Raw_Hessian_Eigenvalues/Top_11":0.08612346649169922,"_step":501,"Raw_Hessian_Eigenvalues/Top_31":0.014267082326114178,"Raw_Hessian_Eigenvalues/Top_47":0.012743094936013222,"Raw_Hessian_Eigenvalues/Top_6":0.08705820888280869,"Raw_Hessian_Eigenvalues/Top_7":0.08701721578836441,"Raw_Hessian_Eigenvalues/Top_35":0.01409418135881424,"Raw_Hessian_Eigenvalues/Top_3":0.13302093744277954,"Raw_Hessian_Eigenvalues/Top_8":0.08702331781387329,"Raw_Hessian_Eigenvalues/Top_43":0.013225802220404148,"Raw_Hessian_Eigenvalues/Top_42":0.013362864032387733,"Training Loss":5.976161901344312e-06,"Raw_Hessian_Eigenvalues/Top_2":0.14045169949531555,"Raw_Hessian_Eigenvalues/Top_19":0.05967260152101517,"Raw_Hessian_Eigenvalues/Top_20":0.058609314262866974,"Raw_Hessian_Eigenvalues/Top_12":0.086637943983078,"Raw_Hessian_Eigenvalues/Top_50":0.01249730121344328,"Raw_Hessian_Eigenvalues/Top_16":0.06014108285307884,"Raw_Hessian_Eigenvalues/Top_30":0.014264042489230633,"Raw_Hessian_Eigenvalues/Top_15":0.06026393175125122,"Raw_Hessian_Eigenvalues/Top_36":0.013904595747590065,"Raw_Hessian_Eigenvalues/Top_49":0.012743083760142326,"Raw_Hessian_Eigenvalues/Top_23":0.05860915407538414,"Raw_Hessian_Eigenvalues/Top_28":0.03650953248143196,"Raw_Hessian_Eigenvalues/Top_26":0.04046545550227165,"Raw_Hessian_Eigenvalues/Top_21":0.05860908329486847,"Raw_Hessian_Eigenvalues/Top_24":0.058609068393707275,"Raw_Hessian_Eigenvalues/Top_17":0.06018433719873428,"Raw_Hessian_Eigenvalues/Top_5":0.09944292902946472,"Raw_Hessian_Eigenvalues/Top_10":0.08685771375894547,"Raw_Hessian_Eigenvalues/Top_22":0.05860911309719086,"Raw_Hessian_Eigenvalues/Top_46":0.01274311263114214,"Top_K_Raw_Eigenvalues_Plot":{"sha256":"640a1e16d9de8364c0c33bc1de4530e59a7ccecb4408ec8111e2dcf71e2fe60d","size":705403,"path":"media/images/Top_K_Raw_Eigenvalues_Plot_501_640a1e16d9de8364c0c3.png","format":"png","width":4782,"height":3580,"_type":"image-file"},"Raw_Hessian_Eigenvalues/Top_41":0.013428391888737679,"Raw_Hessian_Eigenvalues/Top_4":0.10341513156890869,"_wandb":{"runtime":16422},"Raw_Hessian_Eigenvalues/Top_33":0.014197064563632011,"_runtime":16422.426251787,"Training_Loss_Plot":{"width":3566,"height":2380,"_type":"image-file","sha256":"17c92137c3d4dcd4db53f664a35c5439da95f7fd20317e71fb8a1e77197c2982","size":238045,"path":"media/images/Training_Loss_Plot_500_17c92137c3d4dcd4db53.png","format":"png"},"_timestamp":1.7486194972516158e+09,"Raw_Hessian_Eigenvalues/Top_40":0.013453533872961998,"Raw_Hessian_Eigenvalues/Top_34":0.014179820194840431,"Raw_Hessian_Eigenvalues/Top_29":0.03391121327877045,"Raw_Hessian_Eigenvalues/Top_18":0.05999772250652313,"Raw_Hessian_Eigenvalues/Top_25":0.05860910564661026,"Raw_Hessian_Eigenvalues/Top_38":0.013482075184583664}