{"_runtime":3.657165785,"_step":1,"_wandb":{"runtime":3},"loss":57.92048263549805,"_timestamp":1.7474935517963817e+09}