{"_step":500,"max_egenvalue_W1_SGD_100_5.302":19.027538299560547,"max_egenvalue_W2_SGD_100_5.302":1.8449052572250366,"max_hessian_auto_SGD_100_5.302":2.5742506980895996,"_wandb":{"runtime":12},"loss":0.00458783283829689,"_timestamp":1.747493700984885e+09,"_runtime":12.512370773}