{"Hessian_Eigenvalues/Top_64":0.03914114832878113,"Hessian_Eigenvalues/Top_71":0.03554306924343109,"Hessian_Eigenvalues/Top_88":0.027747951447963715,"_runtime":53442.660049371,"Hessian_Eigenvalues/Top_63":0.03924282640218735,"Hessian_Eigenvalues/Top_45":0.04813539236783981,"Hessian_Eigenvalues/Top_3":0.30526310205459595,"Hessian_Eigenvalues/Top_76":0.03323575109243393,"Hessian_Eigenvalues/Top_89":0.027369454503059387,"Hessian_Eigenvalues/Top_95":0.0237010195851326,"Hessian_Eigenvalues/Top_84":0.030338428914546967,"Hessian_Eigenvalues/Top_42":0.05013686418533325,"Hessian_Eigenvalues/Top_61":0.03983224928379059,"Hessian_Eigenvalues/Top_99":0.022620614618062973,"Hessian_Eigenvalues/Top_13":0.14284402132034302,"Hessian_Eigenvalues/Top_87":0.029943589121103287,"Hessian_Eigenvalues/Top_98":0.02320166304707527,"Hessian_Eigenvalues/Top_47":0.046099867671728134,"Hessian_Eigenvalues/Top_81":0.031096812337636948,"Hessian_Eigenvalues/Top_8":0.2553826570510864,"Hessian_Eigenvalues/Top_4":0.2967803478240967,"Hessian_Eigenvalues/Top_30":0.06205359846353531,"Hessian_Eigenvalues/Top_78":0.03282477706670761,"Hessian_Eigenvalues/Top_41":0.05129005014896393,"Hessian_Eigenvalues/Top_2":0.3241392970085144,"Hessian_Eigenvalues/Top_7":0.2639925479888916,"Hessian_Eigenvalues/Top_56":0.04241003841161728,"Hessian_Eigenvalues/Top_36":0.0544850155711174,"Hessian_Eigenvalues/Top_52":0.04357030242681503,"Hessian_Eigenvalues/Top_35":0.0545332133769989,"Hessian_Eigenvalues/Top_66":0.037949033081531525,"Hessian_Eigenvalues/Top_23":0.07528147846460342,"Layer_Eigenvalues/W2":1.5331463813781738,"_wandb":{"runtime":53442},"Hessian_Eigenvalues/Top_96":0.02354363352060318,"Hessian_Eigenvalues/Top_32":0.05802294611930847,"Hessian_Eigenvalues/Top_75":0.03325313329696655,"Hessian_Eigenvalues/Top_16":0.12764805555343628,"_timestamp":1.74856385662934e+09,"Hessian_Eigenvalues/Top_65":0.039041668176651,"Hessian_Eigenvalues/Top_53":0.04330059140920639,"Hessian_Eigenvalues/Top_12":0.14826753735542297,"Layer_Eigenvalues/W3":3.229560375213623,"Hessian_Eigenvalues/Top_22":0.0752815306186676,"Hessian_Eigenvalues/Top_48":0.04613813757896423,"Hessian_Eigenvalues/Top_15":0.1282424032688141,"Hessian_Eigenvalues/Top_72":0.035417962819337845,"Hessian_Eigenvalues/Top_25":0.07528190314769745,"_step":500,"Hessian_Eigenvalues/Top_43":0.04909657686948776,"Hessian_Eigenvalues/Top_50":0.04421968013048172,"Hessian_Eigenvalues/Top_100":0.022136515006422997,"Hessian_Eigenvalues/Top_28":0.06466156244277954,"Hessian_Eigenvalues/Top_1":0.540343165397644,"Hessian_Eigenvalues/Top_92":0.026316016912460327,"Hessian_Eigenvalues/Top_9":0.23856092989444733,"Hessian_Eigenvalues/Top_14":0.1365702748298645,"Hessian_Eigenvalues/Top_49":0.04606553912162781,"Hessian_Eigenvalues/Top_17":0.12188073992729187,"Hessian_Eigenvalues/Top_80":0.032142892479896545,"Hessian_Eigenvalues/Top_85":0.029918184503912926,"Hessian_Eigenvalues/Top_82":0.03102000802755356,"Hessian_Eigenvalues/Top_40":0.05186917632818222,"Hessian_Eigenvalues/Top_34":0.05567190796136856,"Hessian_Eigenvalues/Top_6":0.27061986923217773,"Hessian_Eigenvalues/Top_70":0.035623952746391296,"Hessian_Eigenvalues/Top_26":0.07429790496826172,"Hessian_Eigenvalues/Top_79":0.032396432012319565,"Hessian_Eigenvalues/Top_57":0.041776143014431,"Training Loss":1.1810105844667351e-14,"Hessian_Eigenvalues/Top_20":0.07528144866228104,"Hessian_Eigenvalues/Top_62":0.03931904584169388,"max_hessian_auto_SGD_1.0_0.01_12138":0.540343165397644,"Hessian_Eigenvalues/Top_58":0.041582200676202774,"Hessian_Eigenvalues/Top_55":0.042813561856746674,"Hessian_Eigenvalues/Top_69":0.035613901913166046,"Hessian_Eigenvalues/Top_94":0.024608846753835678,"Hessian_Eigenvalues/Top_31":0.05882694199681282,"Hessian_Eigenvalues/Top_37":0.05223508179187775,"Hessian_Eigenvalues/Top_73":0.035349953919649124,"Hessian_Eigenvalues/Top_93":0.026105541735887527,"Hessian_Eigenvalues/Top_97":0.023296836763620377,"Hessian_Eigenvalues/Top_19":0.10503396391868591,"Hessian_Eigenvalues/Top_18":0.11105576902627945,"Hessian_Eigenvalues/Top_27":0.0672384649515152,"Hessian_Eigenvalues/Top_68":0.0362352654337883,"Hessian_Eigenvalues/Top_29":0.06352393329143524,"Hessian_Eigenvalues/Top_67":0.03773340582847595,"Hessian_Eigenvalues/Top_51":0.043915044516325,"Hessian_Eigenvalues/Top_46":0.0479203462600708,"Hessian_Eigenvalues/Top_11":0.16240456700325012,"Hessian_Eigenvalues/Top_33":0.057517215609550476,"Hessian_Eigenvalues/Top_44":0.048119157552719116,"Hessian_Eigenvalues/Top_91":0.02670353464782238,"Hessian_Eigenvalues/Top_90":0.02680344507098198,"Hessian_Eigenvalues/Top_39":0.05208967626094818,"Layer_Eigenvalues/W1":7.299347400665283,"Hessian_Eigenvalues/Top_21":0.07528148591518402,"Hessian_Eigenvalues/Top_77":0.033120520412921906,"Hessian_Eigenvalues/Top_83":0.030857283622026443,"Hessian_Eigenvalues/Top_54":0.04289434850215912,"Hessian_Eigenvalues/Top_10":0.22795620560646057,"Hessian_Eigenvalues/Top_5":0.28169021010398865,"Hessian_Eigenvalues/Top_60":0.04012376442551613,"Hessian_Eigenvalues/Top_86":0.029916469007730484,"Hessian_Eigenvalues/Top_59":0.040998369455337524,"Hessian_Eigenvalues/Top_24":0.07528179883956909,"Hessian_Eigenvalues/Top_74":0.03416406735777855,"Hessian_Eigenvalues/Top_38":0.051983632147312164}