{"loss":NaN,"_timestamp":1.7474930651834722e+09,"_runtime":18.559306257,"_step":25,"max_hessian_auto_SGD_100_5.35":NaN,"max_egenvalue_W1_SGD_100_5.35":NaN,"max_egenvalue_W2_SGD_100_5.35":NaN,"_wandb":{"runtime":18}}