{"_timestamp":1.7453134364346466e+09,"_runtime":635.125857974,"_step":61,"loss/SGD":2.092585802078247,"_wandb":{"runtime":635}}