{"_timestamp":1.748545167188625e+09,"hessian_eigenval_26_SGD_1.0_0.01_12138":0.07429714500904083,"hessian_eigenval_13_SGD_1.0_0.01_12138":0.14284417033195496,"hessian_eigenval_40_SGD_1.0_0.01_12138":0.05187094211578369,"hessian_eigenval_11_SGD_1.0_0.01_12138":0.16240449249744415,"hessian_eigenval_2_SGD_1.0_0.01_12138":0.324138879776001,"_step":500,"hessian_eigenval_19_SGD_1.0_0.01_12138":0.10503390431404114,"hessian_eigenval_21_SGD_1.0_0.01_12138":0.07528139650821686,"_runtime":10073.077243083,"hessian_eigenval_30_SGD_1.0_0.01_12138":0.06205350160598755,"max_eigenval_W1_SGD_1.0_0.01_12138":7.299347400665283,"hessian_eigenval_38_SGD_1.0_0.01_12138":0.0519801527261734,"hessian_eigenval_18_SGD_1.0_0.01_12138":0.11105574667453766,"hessian_eigenval_28_SGD_1.0_0.01_12138":0.06466162204742432,"_wandb":{"runtime":10073},"hessian_eigenval_29_SGD_1.0_0.01_12138":0.06352406740188599,"hessian_eigenval_20_SGD_1.0_0.01_12138":0.07528222352266312,"hessian_eigenval_1_SGD_1.0_0.01_12138":0.540343165397644,"hessian_eigenval_22_SGD_1.0_0.01_12138":0.07528162002563477,"hessian_eigenval_4_SGD_1.0_0.01_12138":0.29678142070770264,"hessian_eigenval_8_SGD_1.0_0.01_12138":0.2553828954696655,"hessian_eigenval_32_SGD_1.0_0.01_12138":0.05802266299724579,"hessian_eigenval_36_SGD_1.0_0.01_12138":0.05453307926654816,"hessian_eigenval_12_SGD_1.0_0.01_12138":0.14826753735542297,"hessian_eigenval_6_SGD_1.0_0.01_12138":0.2706196904182434,"hessian_eigenval_5_SGD_1.0_0.01_12138":0.2816901206970215,"hessian_eigenval_3_SGD_1.0_0.01_12138":0.3052627444267273,"hessian_eigenval_31_SGD_1.0_0.01_12138":0.058826982975006104,"hessian_eigenval_7_SGD_1.0_0.01_12138":0.26399242877960205,"hessian_eigenval_14_SGD_1.0_0.01_12138":0.1365700215101242,"hessian_eigenval_10_SGD_1.0_0.01_12138":0.22795605659484863,"hessian_eigenval_24_SGD_1.0_0.01_12138":0.07528195530176163,"hessian_eigenval_16_SGD_1.0_0.01_12138":0.12764617800712585,"max_eigenval_W2_SGD_1.0_0.01_12138":1.5331463813781738,"hessian_eigenval_39_SGD_1.0_0.01_12138":0.05209138244390488,"hessian_eigenval_34_SGD_1.0_0.01_12138":0.05567190796136856,"hessian_eigenval_33_SGD_1.0_0.01_12138":0.05751742422580719,"hessian_eigenval_15_SGD_1.0_0.01_12138":0.12824468314647675,"hessian_eigenval_37_SGD_1.0_0.01_12138":0.052235133945941925,"max_eigenval_W3_SGD_1.0_0.01_12138":3.229560375213623,"Training Loss":1.1810105844667351e-14,"max_hessian_auto_SGD_1.0_0.01_12138":0.540343165397644,"hessian_eigenval_25_SGD_1.0_0.01_12138":0.07528162002563477,"hessian_eigenval_27_SGD_1.0_0.01_12138":0.06723850965499878,"hessian_eigenval_23_SGD_1.0_0.01_12138":0.07528165727853775,"hessian_eigenval_35_SGD_1.0_0.01_12138":0.054485056549310684,"hessian_eigenval_17_SGD_1.0_0.01_12138":0.12188054621219635,"hessian_eigenval_9_SGD_1.0_0.01_12138":0.23856094479560852}