{"hessian_eigenval_15_SGD_1.0_0.01_12138":0.12824298441410065,"hessian_eigenval_3_SGD_1.0_0.01_12138":0.30526185035705566,"hessian_eigenval_8_SGD_1.0_0.01_12138":0.255382776260376,"hessian_eigenval_1_SGD_1.0_0.01_12138":0.5403432846069336,"hessian_eigenval_14_SGD_1.0_0.01_12138":0.13657023012638092,"_wandb":{"runtime":2317},"max_eigenval_W3_SGD_1.0_0.01_12138":3.229560375213623,"hessian_eigenval_13_SGD_1.0_0.01_12138":0.14284414052963257,"Training Loss":1.1810105844667351e-14,"hessian_eigenval_10_SGD_1.0_0.01_12138":0.22795617580413818,"max_eigenval_W2_SGD_1.0_0.01_12138":1.5331463813781738,"hessian_eigenval_5_SGD_1.0_0.01_12138":0.28169047832489014,"_timestamp":1.748538453792535e+09,"hessian_eigenval_9_SGD_1.0_0.01_12138":0.23856094479560852,"max_eigenval_W1_SGD_1.0_0.01_12138":7.299347400665283,"hessian_eigenval_11_SGD_1.0_0.01_12138":0.16240447759628296,"hessian_eigenval_4_SGD_1.0_0.01_12138":0.2967813014984131,"_runtime":2317.562226298,"hessian_eigenval_2_SGD_1.0_0.01_12138":0.3241393268108368,"hessian_eigenval_7_SGD_1.0_0.01_12138":0.2639920711517334,"max_hessian_auto_SGD_1.0_0.01_12138":0.5403432846069336,"_step":500,"hessian_eigenval_6_SGD_1.0_0.01_12138":0.2706202268600464,"hessian_eigenval_12_SGD_1.0_0.01_12138":0.14826750755310059}