{"max_hessian_auto_SGD_2.0_20.0_12138":2.6479690074920654,"_timestamp":1.7485303377751858e+09,"_runtime":14.135876544,"_step":500,"_wandb":{"runtime":14}}