{"hessian_eigenval_13_SGD_1.0_0.01_12138":0.14284436404705048,"hessian_eigenval_10_SGD_1.0_0.01_12138":0.22795620560646057,"hessian_eigenval_18_SGD_1.0_0.01_12138":0.11105568706989288,"hessian_eigenval_7_SGD_1.0_0.01_12138":0.2639916241168976,"hessian_eigenval_15_SGD_1.0_0.01_12138":0.12824366986751556,"_runtime":4487.815830346,"hessian_eigenval_11_SGD_1.0_0.01_12138":0.16240446269512177,"hessian_eigenval_8_SGD_1.0_0.01_12138":0.2553827166557312,"hessian_eigenval_14_SGD_1.0_0.01_12138":0.13656987249851227,"hessian_eigenval_3_SGD_1.0_0.01_12138":0.30526214838027954,"hessian_eigenval_23_SGD_1.0_0.01_12138":0.07528149336576462,"hessian_eigenval_6_SGD_1.0_0.01_12138":0.27062052488327026,"hessian_eigenval_24_SGD_1.0_0.01_12138":0.0752815306186676,"hessian_eigenval_9_SGD_1.0_0.01_12138":0.23856090009212494,"hessian_eigenval_20_SGD_1.0_0.01_12138":0.07528161257505417,"hessian_eigenval_21_SGD_1.0_0.01_12138":0.0752815306186676,"hessian_eigenval_16_SGD_1.0_0.01_12138":0.12764711678028107,"max_hessian_auto_SGD_1.0_0.01_12138":0.5403432846069336,"hessian_eigenval_22_SGD_1.0_0.01_12138":0.07528164982795715,"_timestamp":1.748540584049696e+09,"_step":500,"hessian_eigenval_2_SGD_1.0_0.01_12138":0.32413941621780396,"max_eigenval_W2_SGD_1.0_0.01_12138":1.5331463813781738,"hessian_eigenval_25_SGD_1.0_0.01_12138":0.0752817690372467,"Training Loss":1.1810105844667351e-14,"_wandb":{"runtime":4487},"hessian_eigenval_5_SGD_1.0_0.01_12138":0.28169047832489014,"hessian_eigenval_1_SGD_1.0_0.01_12138":0.5403432846069336,"hessian_eigenval_12_SGD_1.0_0.01_12138":0.14826743304729462,"max_eigenval_W1_SGD_1.0_0.01_12138":7.299347400665283,"hessian_eigenval_4_SGD_1.0_0.01_12138":0.29678118228912354,"hessian_eigenval_17_SGD_1.0_0.01_12138":0.12188069522380829,"hessian_eigenval_19_SGD_1.0_0.01_12138":0.1050339788198471,"max_eigenval_W3_SGD_1.0_0.01_12138":3.229560375213623}