{"_wandb":{"runtime":13},"loss":0.007587376516312361,"_timestamp":1.7474934072524898e+09,"_runtime":13.519724263,"_step":500,"max_egenvalue_W2_SGD_100_5.2":9.608406066894531,"max_hessian_auto_SGD_100_5.2":8.438558578491211,"max_egenvalue_W1_SGD_100_5.2":19.440364837646484}