{"max_egenvalue_W1_SGD_100_5.31":NaN,"max_egenvalue_W2_SGD_100_5.31":NaN,"_wandb":{"runtime":27},"_step":35,"loss":NaN,"_timestamp":1.7474936043179686e+09,"_runtime":27.970376378,"max_hessian_auto_SGD_100_5.31":NaN}