{"Raw_Hessian_Eigenvalues/Top_38":0.013119467534124851,"Raw_Hessian_Eigenvalues/Top_47":0.012400138191878796,"Raw_Hessian_Eigenvalues/Top_36":0.013141687959432602,"Raw_Hessian_Eigenvalues/Top_48":0.012400133535265923,"Raw_Hessian_Eigenvalues/Top_8":0.07662253826856613,"Raw_Hessian_Eigenvalues/Top_40":0.013065854087471962,"Raw_Hessian_Eigenvalues/Top_49":0.00020385844982229173,"Raw_Hessian_Eigenvalues/Top_28":0.014403999783098698,"Raw_Hessian_Eigenvalues/Top_33":0.01423749327659607,"Raw_Hessian_Eigenvalues/Top_16":0.055674172937870026,"Raw_Hessian_Eigenvalues/Top_18":0.05549129098653793,"Raw_Hessian_Eigenvalues/Top_11":0.07592615485191345,"Raw_Hessian_Eigenvalues/Top_32":0.014296046458184719,"_step":501,"Raw_Hessian_Eigenvalues/Top_27":0.014398248866200447,"Raw_Hessian_Eigenvalues/Top_50":0.00020202965242788196,"Raw_Hessian_Eigenvalues/Top_9":0.07654109597206116,"Raw_Hessian_Eigenvalues/Top_6":0.07675148546695709,"Raw_Hessian_Eigenvalues/Top_12":0.055801358073949814,"Raw_Hessian_Eigenvalues/Top_43":0.012400136329233646,"Raw_Hessian_Eigenvalues/Top_35":0.013173351995646954,"Raw_Hessian_Eigenvalues/Top_22":0.054136574268341064,"Raw_Hessian_Eigenvalues/Top_30":0.014360347762703896,"Raw_Hessian_Eigenvalues/Top_26":0.0402008555829525,"Raw_Hessian_Eigenvalues/Top_1":0.21234387159347534,"Raw_Hessian_Eigenvalues/Top_10":0.07640878856182098,"Training Loss":7.105253644112963e-06,"Raw_Hessian_Eigenvalues/Top_37":0.013143394142389297,"Raw_Hessian_Eigenvalues/Top_42":0.012881927192211151,"Raw_Hessian_Eigenvalues/Top_23":0.05413665995001793,"Raw_Hessian_Eigenvalues/Top_21":0.05413658544421196,"_timestamp":1.7486194381704633e+09,"Raw_Hessian_Eigenvalues/Top_5":0.07674042135477066,"_wandb":{"runtime":16392},"Raw_Hessian_Eigenvalues/Top_15":0.05569571629166603,"Raw_Hessian_Eigenvalues/Top_7":0.07675014436244965,"Training_Loss_Plot":{"width":3566,"height":2380,"_type":"image-file","sha256":"fdaa9e69bb371fcfb827deabfdaac16c5abe80daf6695435ae02e84d57e34172","size":237116,"path":"media/images/Training_Loss_Plot_500_fdaa9e69bb371fcfb827.png","format":"png"},"Raw_Hessian_Eigenvalues/Top_45":0.012400131672620773,"Raw_Hessian_Eigenvalues/Top_19":0.05516999959945679,"Raw_Hessian_Eigenvalues/Top_20":0.05413661152124405,"Raw_Hessian_Eigenvalues/Top_34":0.014046025462448597,"Raw_Hessian_Eigenvalues/Top_41":0.013025824911892414,"_runtime":16392.102320844,"max_raw_hessian_SGD_1.0_0.01_12138":0.21234387159347534,"Raw_Hessian_Eigenvalues/Top_4":0.07678857445716858,"Raw_Hessian_Eigenvalues/Top_24":0.05413659289479256,"Raw_Hessian_Eigenvalues/Top_2":0.1257806122303009,"Raw_Hessian_Eigenvalues/Top_14":0.05572851002216339,"Raw_Hessian_Eigenvalues/Top_39":0.013112278655171394,"Raw_Hessian_Eigenvalues/Top_3":0.09841679036617279,"Raw_Hessian_Eigenvalues/Top_46":0.012400133535265923,"Raw_Hessian_Eigenvalues/Top_25":0.054136600345373154,"Raw_Hessian_Eigenvalues/Top_31":0.014325903728604317,"Raw_Hessian_Eigenvalues/Top_29":0.01438337191939354,"Raw_Hessian_Eigenvalues/Top_17":0.05556898191571236,"Raw_Hessian_Eigenvalues/Top_13":0.05574801191687584,"Raw_Hessian_Eigenvalues/Top_44":0.012400133535265923,"Top_K_Raw_Eigenvalues_Plot":{"path":"media/images/Top_K_Raw_Eigenvalues_Plot_501_a23ab1cc68c5e6c6bcff.png","format":"png","width":4782,"height":3580,"_type":"image-file","sha256":"a23ab1cc68c5e6c6bcff398bbc42e7ec5f446736ff59c678b6094a067583fc6f","size":688548}}