{"_wandb":{"runtime":14},"loss/SGD":84.67489624023438,"_timestamp":1.7453126690050066e+09,"_runtime":14.899875059,"_step":0}