{"Hessian_Eigenvalues/Top_46":0.047921501100063324,"Hessian_Eigenvalues/Top_31":0.058826744556427,"Hessian_Eigenvalues/Top_38":0.052092306315898895,"Hessian_Eigenvalues/Top_23":0.0752812996506691,"Hessian_Eigenvalues/Top_39":0.0519835501909256,"Hessian_Eigenvalues/Top_36":0.05453639477491379,"max_hessian_auto_SGD_1.0_0.01_12138":0.5403432846069336,"Top_K_Eigenvalues_Plot":{"size":579780,"path":"media/images/Top_K_Eigenvalues_Plot_501_92578e6ed0978c3c6c04.png","format":"png","width":4179,"height":2980,"_type":"image-file","sha256":"92578e6ed0978c3c6c046bf86240eabe82be49d34bb95dfcfd92fc34f4013044"},"Hessian_Eigenvalues/Top_48":0.046068429946899414,"Hessian_Eigenvalues/Top_18":0.11105573177337646,"Hessian_Eigenvalues/Top_35":0.05448188632726669,"Hessian_Eigenvalues/Top_12":0.14826756715774536,"Hessian_Eigenvalues/Top_9":0.23856091499328613,"Hessian_Eigenvalues/Top_11":0.16240453720092773,"Training Loss":1.1810105844667351e-14,"Hessian_Eigenvalues/Top_49":0.04608899727463722,"Training_Loss_Plot":{"path":"media/images/Training_Loss_Plot_500_48e7e0adb3f95d489aab.png","format":"png","width":3566,"height":2380,"_type":"image-file","sha256":"48e7e0adb3f95d489aabf933c4a1500a39c8145ccdc8e3f0cca1678c4874b60b","size":236539},"Hessian_Eigenvalues/Top_26":0.07429879903793335,"Hessian_Eigenvalues/Top_42":0.0501367524266243,"_timestamp":1.7486123484217072e+09,"Hessian_Eigenvalues/Top_4":0.29678088426589966,"Hessian_Eigenvalues/Top_41":0.05129028111696243,"Hessian_Eigenvalues/Top_24":0.07528138905763626,"Hessian_Eigenvalues/Top_50":0.044219765812158585,"Hessian_Eigenvalues/Top_27":0.06723851710557938,"_wandb":{"runtime":13634},"Hessian_Eigenvalues/Top_13":0.142844095826149,"Hessian_Eigenvalues/Top_43":0.049096547067165375,"Hessian_Eigenvalues/Top_6":0.2706196904182434,"Hessian_Eigenvalues/Top_33":0.057517025619745255,"Hessian_Eigenvalues/Top_17":0.12188069522380829,"Hessian_Eigenvalues/Top_37":0.052234143018722534,"Hessian_Eigenvalues/Top_20":0.07528163492679596,"Hessian_Eigenvalues/Top_15":0.12824290990829468,"Hessian_Eigenvalues/Top_5":0.2816905379295349,"_runtime":13634.586134165,"Hessian_Eigenvalues/Top_44":0.048148661851882935,"Hessian_Eigenvalues/Top_45":0.04810488224029541,"Hessian_Eigenvalues/Top_8":0.2553827464580536,"Hessian_Eigenvalues/Top_7":0.263992577791214,"Hessian_Eigenvalues/Top_34":0.05567179247736931,"Hessian_Eigenvalues/Top_25":0.0752815306186676,"Hessian_Eigenvalues/Top_3":0.3052629232406616,"Hessian_Eigenvalues/Top_16":0.12764763832092285,"Hessian_Eigenvalues/Top_21":0.07528136670589447,"Hessian_Eigenvalues/Top_29":0.06352390348911285,"Hessian_Eigenvalues/Top_32":0.05802324414253235,"Hessian_Eigenvalues/Top_14":0.13657015562057495,"Hessian_Eigenvalues/Top_1":0.5403432846069336,"Hessian_Eigenvalues/Top_22":0.07528147846460342,"Hessian_Eigenvalues/Top_40":0.05186734348535538,"_step":501,"Hessian_Eigenvalues/Top_2":0.3241389989852905,"Hessian_Eigenvalues/Top_19":0.1050339937210083,"Hessian_Eigenvalues/Top_30":0.062053777277469635,"Hessian_Eigenvalues/Top_10":0.22795607149600983,"Hessian_Eigenvalues/Top_28":0.06466151773929596,"Hessian_Eigenvalues/Top_47":0.046146102249622345}