{"_runtime":14.398796998,"_step":500,"max_eigenval_W2_SGD_2.0_20.0_12138":5.403900146484375,"max_hessian_auto_SGD_2.0_20.0_12138":2.6479690074920654,"max_eigenval_W3_SGD_2.0_20.0_12138":9.842012405395508,"Training Loss":0.0020260156597942114,"_wandb":{"runtime":14},"_timestamp":1.748532962997983e+09,"max_eigenval_W1_SGD_2.0_20.0_12138":11.927535057067871}