{"max_hessian_auto_SGD_100_5.302":2.5742506980895996,"max_egenvalue_W1_SGD_100_5.302":19.027538299560547,"_wandb":{"runtime":12},"_timestamp":1.7474936736396484e+09,"_runtime":12.066032017,"_step":500,"loss":0.00458783283829689,"max_egenvalue_W2_SGD_100_5.302":1.8449052572250366}