{"Raw_Hessian_Eigenvalues/Top_14":0.03507685288786888,"Raw_Hessian_Eigenvalues/Top_37":0.00019037025049328804,"Raw_Hessian_Eigenvalues/Top_22":0.033812835812568665,"Raw_Hessian_Eigenvalues/Top_3":0.04666132479906082,"Raw_Hessian_Eigenvalues/Top_16":0.03499530255794525,"Raw_Hessian_Eigenvalues/Top_43":0.00018334301421418786,"Raw_Hessian_Eigenvalues/Top_5":0.04665506258606911,"_runtime":21419.028761497,"Raw_Hessian_Eigenvalues/Top_19":0.03466356173157692,"_wandb":{"runtime":21419},"Raw_Hessian_Eigenvalues/Top_31":0.000199615242308937,"Raw_Hessian_Eigenvalues/Top_17":0.034976571798324585,"Raw_Hessian_Eigenvalues/Top_40":0.0001860657357610762,"Raw_Hessian_Eigenvalues/Top_1":0.13025012612342834,"_timestamp":1.7486245163870864e+09,"Raw_Hessian_Eigenvalues/Top_35":0.00019285071175545454,"Raw_Hessian_Eigenvalues/Top_13":0.035111863166093826,"Raw_Hessian_Eigenvalues/Top_7":0.04650815576314926,"_step":501,"Raw_Hessian_Eigenvalues/Top_41":0.00018547961371950805,"Raw_Hessian_Eigenvalues/Top_50":0.00017340817430522293,"Raw_Hessian_Eigenvalues/Top_48":0.00017673848196864128,"Raw_Hessian_Eigenvalues/Top_23":0.03381282091140747,"max_raw_hessian_SGD_1.0_0.01_12138":0.13025012612342834,"Raw_Hessian_Eigenvalues/Top_45":0.00018093519611284137,"Raw_Hessian_Eigenvalues/Top_10":0.04604868218302727,"Raw_Hessian_Eigenvalues/Top_28":0.00020273440168239176,"Raw_Hessian_Eigenvalues/Top_39":0.00018792643095366657,"Top_K_Raw_Eigenvalues_Plot":{"size":837401,"path":"media/images/Top_K_Raw_Eigenvalues_Plot_501_502fad181152e5d99203.png","format":"png","width":4782,"height":3580,"_type":"image-file","sha256":"502fad181152e5d992039acd075a3606c3e66f90cd340737bf51f3fa86b4b68b"},"Raw_Hessian_Eigenvalues/Top_8":0.04652857035398483,"Raw_Hessian_Eigenvalues/Top_15":0.03504970669746399,"Raw_Hessian_Eigenvalues/Top_9":0.04639862850308418,"Raw_Hessian_Eigenvalues/Top_12":0.035095762461423874,"Raw_Hessian_Eigenvalues/Top_34":0.00019578532373998314,"Raw_Hessian_Eigenvalues/Top_26":0.00020662698079831898,"Raw_Hessian_Eigenvalues/Top_2":0.04669930040836334,"Raw_Hessian_Eigenvalues/Top_49":0.00017478130757808685,"Raw_Hessian_Eigenvalues/Top_6":0.04659173637628555,"Raw_Hessian_Eigenvalues/Top_27":0.0002040552208200097,"Raw_Hessian_Eigenvalues/Top_11":0.03515017777681351,"Raw_Hessian_Eigenvalues/Top_38":0.00018907140474766493,"Raw_Hessian_Eigenvalues/Top_42":0.0001842005003709346,"Raw_Hessian_Eigenvalues/Top_36":0.0001927164994413033,"Raw_Hessian_Eigenvalues/Top_47":0.00017966082668863237,"Training Loss":8.17879663372878e-06,"Raw_Hessian_Eigenvalues/Top_4":0.04669030010700226,"Raw_Hessian_Eigenvalues/Top_24":0.03381291776895523,"Raw_Hessian_Eigenvalues/Top_18":0.034899454563856125,"Raw_Hessian_Eigenvalues/Top_46":0.00017955040675587952,"Training_Loss_Plot":{"size":239205,"path":"media/images/Training_Loss_Plot_500_7e39163beb70cd579dd6.png","format":"png","width":3566,"height":2380,"_type":"image-file","sha256":"7e39163beb70cd579dd63c06491fcae836f9507c3c8133f165e50abb4824b718"},"Raw_Hessian_Eigenvalues/Top_44":0.00018121862376574427,"Raw_Hessian_Eigenvalues/Top_33":0.0001970840967260301,"Raw_Hessian_Eigenvalues/Top_30":0.00020017963834106922,"Raw_Hessian_Eigenvalues/Top_29":0.0002015044738072902,"Raw_Hessian_Eigenvalues/Top_32":0.0001988777075894177,"Raw_Hessian_Eigenvalues/Top_20":0.03381286934018135,"Raw_Hessian_Eigenvalues/Top_21":0.03381282091140747,"Raw_Hessian_Eigenvalues/Top_25":0.03381283953785896}