{"max_eigenval_W1_SGD_1.0_0.0005387931034482759_12138":3.566080093383789,"Training Loss":0.043396901339292526,"_step":500,"_runtime":57.17690996,"_timestamp":1.7485336755347366e+09,"max_hessian_auto_SGD_1.0_0.0005387931034482759_12138":0.46686798334121704,"max_eigenval_W3_SGD_1.0_0.0005387931034482759_12138":3.5220792293548584,"max_eigenval_W2_SGD_1.0_0.0005387931034482759_12138":1.9274094104766846,"_wandb":{"runtime":57}}