{"max_egenvalue_W1_SGD_100_5.304":22.151304244995117,"max_egenvalue_W2_SGD_100_5.304":3.931321859359741,"_wandb":{"runtime":11},"_timestamp":1.7474938046313193e+09,"_runtime":11.551772231,"_step":500,"loss":0.004486288409680128,"max_hessian_auto_SGD_100_5.304":3.584839344024658}