{"Raw_Hessian_Eigenvalues/Top_42":0.019404852762818336,"Raw_Hessian_Eigenvalues/Top_8":0.11079975217580795,"Raw_Hessian_Eigenvalues/Top_35":0.036517176777124405,"_step":501,"max_raw_hessian_SGD_1.0_0.01_12138":0.30203595757484436,"Raw_Hessian_Eigenvalues/Top_43":0.019322970882058144,"Raw_Hessian_Eigenvalues/Top_31":0.042459599673748016,"Raw_Hessian_Eigenvalues/Top_37":0.03602777421474457,"_runtime":12670.399949737,"_timestamp":1.7486135483494582e+09,"Raw_Hessian_Eigenvalues/Top_38":0.03309640288352966,"Raw_Hessian_Eigenvalues/Top_49":0.01643722504377365,"Raw_Hessian_Eigenvalues/Top_14":0.09225991368293762,"Raw_Hessian_Eigenvalues/Top_16":0.0653218999505043,"Raw_Hessian_Eigenvalues/Top_24":0.06329897046089172,"Raw_Hessian_Eigenvalues/Top_32":0.042006079107522964,"Raw_Hessian_Eigenvalues/Top_23":0.06329894810914993,"Raw_Hessian_Eigenvalues/Top_10":0.09369699656963348,"Raw_Hessian_Eigenvalues/Top_9":0.10636932402849197,"Raw_Hessian_Eigenvalues/Top_6":0.13219189643859863,"Raw_Hessian_Eigenvalues/Top_26":0.054658181965351105,"Top_K_Raw_Eigenvalues_Plot":{"sha256":"93d02a13a8ff855447eabbd668a0253dca0a4e3892bdcb18aec0e02d21091709","size":812056,"path":"media/images/Top_K_Raw_Eigenvalues_Plot_501_93d02a13a8ff855447ea.png","format":"png","width":4782,"height":3580,"_type":"image-file"},"Raw_Hessian_Eigenvalues/Top_34":0.03877419978380203,"Raw_Hessian_Eigenvalues/Top_3":0.15998920798301697,"Raw_Hessian_Eigenvalues/Top_45":0.019215157255530357,"Raw_Hessian_Eigenvalues/Top_41":0.030094753950834274,"Raw_Hessian_Eigenvalues/Top_11":0.09360348433256149,"Raw_Hessian_Eigenvalues/Top_7":0.11696755141019821,"Raw_Hessian_Eigenvalues/Top_25":0.06329911947250366,"Raw_Hessian_Eigenvalues/Top_46":0.018884798511862755,"Raw_Hessian_Eigenvalues/Top_12":0.09339413046836853,"Raw_Hessian_Eigenvalues/Top_18":0.0649547129869461,"Raw_Hessian_Eigenvalues/Top_48":0.016434838995337486,"Raw_Hessian_Eigenvalues/Top_33":0.03921797126531601,"Raw_Hessian_Eigenvalues/Top_2":0.1669890284538269,"Raw_Hessian_Eigenvalues/Top_40":0.03059355542063713,"Raw_Hessian_Eigenvalues/Top_5":0.14631274342536926,"Raw_Hessian_Eigenvalues/Top_47":0.01646660827100277,"Raw_Hessian_Eigenvalues/Top_28":0.04582337290048599,"Raw_Hessian_Eigenvalues/Top_30":0.04377298802137375,"Raw_Hessian_Eigenvalues/Top_50":0.016296472400426865,"Raw_Hessian_Eigenvalues/Top_15":0.06531449407339096,"Raw_Hessian_Eigenvalues/Top_17":0.06529006361961365,"Raw_Hessian_Eigenvalues/Top_39":0.03260021656751633,"Training_Loss_Plot":{"width":3566,"height":2380,"_type":"image-file","sha256":"c2525819803cd1dd417ba51eec153ad220b05d5c0dea42fab724a542a4807e64","size":226342,"path":"media/images/Training_Loss_Plot_500_c2525819803cd1dd417b.png","format":"png"},"Training Loss":3.662222297862172e-06,"Raw_Hessian_Eigenvalues/Top_21":0.06329914182424545,"Raw_Hessian_Eigenvalues/Top_29":0.044255517423152924,"Raw_Hessian_Eigenvalues/Top_44":0.019336268305778503,"Raw_Hessian_Eigenvalues/Top_27":0.050931259989738464,"Raw_Hessian_Eigenvalues/Top_1":0.30203595757484436,"Raw_Hessian_Eigenvalues/Top_19":0.06468068808317184,"Raw_Hessian_Eigenvalues/Top_22":0.06329896301031113,"_wandb":{"runtime":12670},"Raw_Hessian_Eigenvalues/Top_20":0.06329911947250366,"Raw_Hessian_Eigenvalues/Top_4":0.14672479033470154,"Raw_Hessian_Eigenvalues/Top_13":0.09319388121366501,"Raw_Hessian_Eigenvalues/Top_36":0.03607770800590515}