{"max_eigenval_W1_SGD_1.0_0.01_12138":3.77799129486084,"max_eigenval_W3_SGD_1.0_0.01_12138":3.4673871994018555,"Training Loss":0.004922152031213045,"max_eigenval_W2_SGD_1.0_0.01_12138":1.9407635927200317,"hessian_eigenval_5_SGD_1.0_0.01_12138":0.2310323417186737,"max_hessian_auto_SGD_1.0_0.01_12138":0.46753406524658203,"_timestamp":1.7485360792340388e+09,"_wandb":{"runtime":551},"hessian_eigenval_1_SGD_1.0_0.01_12138":0.46753406524658203,"_step":500,"_runtime":551.520872285,"hessian_eigenval_2_SGD_1.0_0.01_12138":0.24776342511177063,"hessian_eigenval_3_SGD_1.0_0.01_12138":0.23500823974609375,"hessian_eigenval_4_SGD_1.0_0.01_12138":0.23022058606147766}