{"_step":40,"loss":NaN,"_timestamp":1.7474932920205429e+09,"max_hessian_auto_SGD_100_5.31":NaN,"max_egenvalue_W1_SGD_100_5.31":NaN,"max_egenvalue_W2_SGD_100_5.31":NaN,"_wandb":{"runtime":32},"_runtime":32.099315629}