{"_runtime":3.160243863,"_step":0,"_wandb":{"runtime":3},"loss/SGD":84.67489624023438,"_timestamp":1.7453122107694817e+09}