{"_runtime":365.14567336,"_wandb":{"runtime":365},"_step":31,"loss/SGD":5.807193756103516,"_timestamp":1.7453139250425637e+09}