{"Raw_Hessian_Eigenvalues/Top_8":0.15159079432487488,"Raw_Hessian_Eigenvalues/Top_17":0.07222870737314224,"Raw_Hessian_Eigenvalues/Top_4":0.1925264596939087,"Raw_Hessian_Eigenvalues/Top_11":0.11795805394649506,"Raw_Hessian_Eigenvalues/Top_7":0.17322832345962524,"Raw_Hessian_Eigenvalues/Top_3":0.20611843466758728,"Raw_Hessian_Eigenvalues/Top_28":0.06226906180381775,"Raw_Hessian_Eigenvalues/Top_48":0.037669405341148376,"Raw_Hessian_Eigenvalues/Top_47":0.03863997012376785,"Raw_Hessian_Eigenvalues/Top_16":0.11222769320011139,"Raw_Hessian_Eigenvalues/Top_18":0.07178813219070435,"Raw_Hessian_Eigenvalues/Top_42":0.04196745529770851,"Raw_Hessian_Eigenvalues/Top_19":0.0712994709610939,"_step":501,"Raw_Hessian_Eigenvalues/Top_41":0.04377685487270355,"Raw_Hessian_Eigenvalues/Top_10":0.13072805106639862,"Raw_Hessian_Eigenvalues/Top_44":0.041691020131111145,"Training_Loss_Plot":{"width":3566,"height":2380,"_type":"image-file","sha256":"d5085703f07f923b5182eace5d414e596637a46e4309d38c5bcf469a379454b5","size":228475,"path":"media/images/Training_Loss_Plot_500_d5085703f07f923b5182.png","format":"png"},"Raw_Hessian_Eigenvalues/Top_5":0.18534839153289795,"Raw_Hessian_Eigenvalues/Top_38":0.046645596623420715,"Raw_Hessian_Eigenvalues/Top_34":0.049005307257175446,"Raw_Hessian_Eigenvalues/Top_25":0.07005549222230911,"Training Loss":1.450447825845913e-06,"Raw_Hessian_Eigenvalues/Top_29":0.05737268924713135,"Raw_Hessian_Eigenvalues/Top_43":0.04188422113656998,"Raw_Hessian_Eigenvalues/Top_37":0.04813329875469208,"Raw_Hessian_Eigenvalues/Top_9":0.13906602561473846,"Raw_Hessian_Eigenvalues/Top_2":0.22501538693904877,"Raw_Hessian_Eigenvalues/Top_14":0.11592791229486465,"Raw_Hessian_Eigenvalues/Top_20":0.07100038230419159,"Raw_Hessian_Eigenvalues/Top_50":0.036456942558288574,"Raw_Hessian_Eigenvalues/Top_31":0.054315902292728424,"_runtime":13544.904847181,"Raw_Hessian_Eigenvalues/Top_12":0.11719611287117004,"Raw_Hessian_Eigenvalues/Top_35":0.04897084832191467,"Raw_Hessian_Eigenvalues/Top_33":0.04964708164334297,"max_raw_hessian_SGD_1.0_0.01_12138":0.37702739238739014,"Raw_Hessian_Eigenvalues/Top_46":0.03966798633337021,"Top_K_Raw_Eigenvalues_Plot":{"sha256":"43e9e9dde240ffae19f13da03ad276c86b927a12145e9bcc088da64e45fbd1cf","size":681347,"path":"media/images/Top_K_Raw_Eigenvalues_Plot_501_43e9e9dde240ffae19f1.png","format":"png","width":4782,"height":3580,"_type":"image-file"},"Raw_Hessian_Eigenvalues/Top_13":0.11680825054645538,"Raw_Hessian_Eigenvalues/Top_45":0.040882863104343414,"Raw_Hessian_Eigenvalues/Top_1":0.37702739238739014,"Raw_Hessian_Eigenvalues/Top_6":0.17788442969322205,"Raw_Hessian_Eigenvalues/Top_40":0.045071594417095184,"Raw_Hessian_Eigenvalues/Top_49":0.03660236671566963,"_timestamp":1.7486166648005302e+09,"Raw_Hessian_Eigenvalues/Top_30":0.055686019361019135,"Raw_Hessian_Eigenvalues/Top_32":0.05240679532289505,"Raw_Hessian_Eigenvalues/Top_24":0.07005568593740463,"Raw_Hessian_Eigenvalues/Top_27":0.06248169392347336,"Raw_Hessian_Eigenvalues/Top_22":0.07005567103624344,"Raw_Hessian_Eigenvalues/Top_23":0.07005549222230911,"Raw_Hessian_Eigenvalues/Top_26":0.07005547732114792,"Raw_Hessian_Eigenvalues/Top_39":0.04544810205698013,"_wandb":{"runtime":13544},"Raw_Hessian_Eigenvalues/Top_15":0.11489640176296234,"Raw_Hessian_Eigenvalues/Top_36":0.04881016165018082,"Raw_Hessian_Eigenvalues/Top_21":0.07005544006824493}