{"max_egenvalue_W2_SGD_100_5.25":2.7202510833740234,"max_hessian_auto_SGD_100_5.25":2.513545036315918,"_wandb":{"runtime":18},"loss":0.005237136967480183,"_timestamp":1.7474934765591176e+09,"_runtime":18.587164272,"_step":500,"max_egenvalue_W1_SGD_100_5.25":18.847440719604492}