{"max_egenvalue_W2_SGD_100_5.0":3.294883966445923,"_wandb":{"runtime":10},"_step":500,"loss":0.003977159503847361,"_timestamp":1.7474928498542328e+09,"_runtime":10.046230159,"max_hessian_auto_SGD_100_5.0":2.907909393310547,"max_egenvalue_W1_SGD_100_5.0":21.727169036865234}