{"max_egenvalue_W2_SGD_100_5.303":2.3335494995117188,"max_hessian_auto_SGD_100_5.303":2.374479055404663,"_wandb":{"runtime":17},"_timestamp":1.7474937494073021e+09,"_runtime":17.661331528,"_step":500,"loss":0.004827424418181181,"max_egenvalue_W1_SGD_100_5.303":20.82382583618164}