{"_timestamp":1.7474931495634296e+09,"_runtime":14.009035414,"_step":25,"loss":NaN,"max_hessian_auto_SGD_100_5.33":NaN,"max_egenvalue_W1_SGD_100_5.33":NaN,"max_egenvalue_W2_SGD_100_5.33":NaN,"_wandb":{"runtime":14}}