{"_step":500,"max_hessian_auto_SGD_1.0_5.0_12138":0.5379423499107361,"_timestamp":1.7485300745637355e+09,"_runtime":20.687072784,"_wandb":{"runtime":20}}