{"loss/SGD":2.148876428604126,"_timestamp":1.7453148651297886e+09,"_runtime":652.737683384,"_step":60,"_wandb":{"runtime":652}}