{"Hessian_Eigenvalues/Top_1":0.5403432846069336,"Hessian_Eigenvalues/Top_65":0.039042435586452484,"Hessian_Eigenvalues/Top_125":0.013772317208349705,"Hessian_Eigenvalues/Top_143":0.008564632385969162,"Hessian_Eigenvalues/Top_5":0.2816903591156006,"Hessian_Eigenvalues/Top_82":0.03102433681488037,"Hessian_Eigenvalues/Top_97":0.02329666167497635,"Hessian_Eigenvalues/Top_128":0.013772313483059406,"Hessian_Eigenvalues/Top_145":0.008564632385969162,"Hessian_Eigenvalues/Top_33":0.05751727521419525,"Training Loss":1.1810105844667351e-14,"Hessian_Eigenvalues/Top_46":0.04792069271206856,"Hessian_Eigenvalues/Top_78":0.032825298607349396,"Hessian_Eigenvalues/Top_90":0.02680358849465847,"Hessian_Eigenvalues/Top_136":0.011526886373758316,"Hessian_Eigenvalues/Top_69":0.03562713414430618,"Hessian_Eigenvalues/Top_142":0.009946182370185852,"Hessian_Eigenvalues/Top_52":0.04357074946165085,"Hessian_Eigenvalues/Top_135":0.011526882648468018,"Hessian_Eigenvalues/Top_34":0.05567193776369095,"Hessian_Eigenvalues/Top_19":0.1050340086221695,"Hessian_Eigenvalues/Top_149":0.005890990141779184,"Hessian_Eigenvalues/Top_63":0.039244383573532104,"Hessian_Eigenvalues/Top_49":0.046104252338409424,"Hessian_Eigenvalues/Top_81":0.03109218180179596,"Hessian_Eigenvalues/Top_13":0.14284387230873108,"Hessian_Eigenvalues/Top_44":0.0481504425406456,"Hessian_Eigenvalues/Top_7":0.2639925479888916,"Hessian_Eigenvalues/Top_22":0.07528184354305267,"Hessian_Eigenvalues/Top_139":0.00994618609547615,"Hessian_Eigenvalues/Top_106":0.021682921797037125,"Hessian_Eigenvalues/Top_141":0.009946189820766449,"Hessian_Eigenvalues/Top_37":0.0522330179810524,"Hessian_Eigenvalues/Top_11":0.1624045968055725,"Hessian_Eigenvalues/Top_74":0.03416409343481064,"Hessian_Eigenvalues/Top_4":0.2967812418937683,"Hessian_Eigenvalues/Top_68":0.03623531386256218,"Hessian_Eigenvalues/Top_84":0.030338484793901443,"Hessian_Eigenvalues/Top_21":0.0752817690372467,"Hessian_Eigenvalues/Top_35":0.05453503876924515,"Hessian_Eigenvalues/Top_58":0.04158208891749382,"Hessian_Eigenvalues/Top_99":0.02262059785425663,"Hessian_Eigenvalues/Top_2":0.32413941621780396,"Hessian_Eigenvalues/Top_70":0.03561311215162277,"Hessian_Eigenvalues/Top_59":0.04099847003817558,"Hessian_Eigenvalues/Top_96":0.023543573915958405,"_step":500,"Hessian_Eigenvalues/Top_127":0.013772315345704556,"Hessian_Eigenvalues/Top_93":0.026105467230081558,"Hessian_Eigenvalues/Top_29":0.06352385878562927,"Hessian_Eigenvalues/Top_51":0.043914325535297394,"Hessian_Eigenvalues/Top_75":0.03325605392456055,"Hessian_Eigenvalues/Top_60":0.04012369364500046,"Hessian_Eigenvalues/Top_107":0.020522013306617737,"Hessian_Eigenvalues/Top_55":0.042813368141651154,"Hessian_Eigenvalues/Top_100":0.022136375308036804,"Hessian_Eigenvalues/Top_150":0.005890990607440472,"Hessian_Eigenvalues/Top_86":0.029916226863861084,"Hessian_Eigenvalues/Top_117":0.015939563512802124,"_runtime":53586.775620643,"Layer_Eigenvalues/W3":3.229560375213623,"Hessian_Eigenvalues/Top_88":0.02774794027209282,"Hessian_Eigenvalues/Top_98":0.023201927542686462,"Hessian_Eigenvalues/Top_42":0.05013704299926758,"Hessian_Eigenvalues/Top_138":0.009946184232831001,"Hessian_Eigenvalues/Top_147":0.008564634248614311,"Hessian_Eigenvalues/Top_67":0.03773324191570282,"Hessian_Eigenvalues/Top_8":0.25538259744644165,"Hessian_Eigenvalues/Top_3":0.30526241660118103,"Hessian_Eigenvalues/Top_31":0.058826327323913574,"Hessian_Eigenvalues/Top_73":0.03534983843564987,"Hessian_Eigenvalues/Top_104":0.02213648334145546,"Hessian_Eigenvalues/Top_130":0.013546498492360115,"Hessian_Eigenvalues/Top_66":0.03794918954372406,"Hessian_Eigenvalues/Top_56":0.04241006821393967,"Hessian_Eigenvalues/Top_6":0.2706197500228882,"Hessian_Eigenvalues/Top_123":0.01584983617067337,"Hessian_Eigenvalues/Top_120":0.015939515084028244,"Hessian_Eigenvalues/Top_57":0.041776131838560104,"Hessian_Eigenvalues/Top_140":0.009946185164153576,"Hessian_Eigenvalues/Top_110":0.01829315349459648,"Hessian_Eigenvalues/Top_50":0.04422017186880112,"Hessian_Eigenvalues/Top_111":0.018293175846338272,"Hessian_Eigenvalues/Top_85":0.029941711574792862,"Hessian_Eigenvalues/Top_118":0.015939613804221153,"Hessian_Eigenvalues/Top_119":0.01593989133834839,"Hessian_Eigenvalues/Top_14":0.13657012581825256,"Hessian_Eigenvalues/Top_43":0.04909622669219971,"Hessian_Eigenvalues/Top_94":0.02460884489119053,"Hessian_Eigenvalues/Top_25":0.07528188079595566,"Hessian_Eigenvalues/Top_39":0.051981329917907715,"_wandb":{"runtime":53586},"Hessian_Eigenvalues/Top_24":0.07528167963027954,"Hessian_Eigenvalues/Top_126":0.013772272504866123,"Layer_Eigenvalues/W1":7.299347400665283,"Hessian_Eigenvalues/Top_32":0.058023348450660706,"Hessian_Eigenvalues/Top_48":0.046062618494033813,"Hessian_Eigenvalues/Top_132":0.011526883579790592,"Hessian_Eigenvalues/Top_122":0.015939606353640556,"Hessian_Eigenvalues/Top_95":0.02370094507932663,"Hessian_Eigenvalues/Top_71":0.03554082289338112,"Hessian_Eigenvalues/Top_91":0.02670333907008171,"Hessian_Eigenvalues/Top_62":0.03931848704814911,"Hessian_Eigenvalues/Top_18":0.11105574667453766,"Hessian_Eigenvalues/Top_103":0.022136487066745758,"Hessian_Eigenvalues/Top_113":0.018293241038918495,"Hessian_Eigenvalues/Top_134":0.01152687519788742,"Hessian_Eigenvalues/Top_124":0.013772343285381794,"max_hessian_auto_SGD_1.0_0.01_12138":0.5403432846069336,"Hessian_Eigenvalues/Top_20":0.07528183609247208,"Hessian_Eigenvalues/Top_92":0.02631618082523346,"Hessian_Eigenvalues/Top_26":0.07429701089859009,"Hessian_Eigenvalues/Top_27":0.06723830103874207,"Hessian_Eigenvalues/Top_114":0.018293146044015884,"Hessian_Eigenvalues/Top_30":0.06205371767282486,"Hessian_Eigenvalues/Top_17":0.12188065052032471,"Hessian_Eigenvalues/Top_36":0.054483190178871155,"Hessian_Eigenvalues/Top_79":0.0323963537812233,"Hessian_Eigenvalues/Top_133":0.011526884511113167,"Hessian_Eigenvalues/Top_54":0.0428943932056427,"Hessian_Eigenvalues/Top_38":0.05209290236234665,"Hessian_Eigenvalues/Top_105":0.022136488929390907,"Hessian_Eigenvalues/Top_47":0.046136677265167236,"Hessian_Eigenvalues/Top_45":0.04810398072004318,"Hessian_Eigenvalues/Top_148":0.008564634248614311,"Hessian_Eigenvalues/Top_72":0.035417914390563965,"Layer_Eigenvalues/W2":1.5331463813781738,"Hessian_Eigenvalues/Top_76":0.03323424980044365,"Hessian_Eigenvalues/Top_9":0.23856082558631897,"Hessian_Eigenvalues/Top_108":0.019790492951869965,"Hessian_Eigenvalues/Top_80":0.03214302659034729,"Hessian_Eigenvalues/Top_15":0.12824159860610962,"Hessian_Eigenvalues/Top_23":0.07528159022331238,"Hessian_Eigenvalues/Top_41":0.051290109753608704,"Hessian_Eigenvalues/Top_144":0.008564630523324013,"Hessian_Eigenvalues/Top_89":0.027369424700737,"Hessian_Eigenvalues/Top_131":0.011526881717145443,"Hessian_Eigenvalues/Top_12":0.14826765656471252,"Hessian_Eigenvalues/Top_116":0.016024794429540634,"Hessian_Eigenvalues/Top_121":0.015939708799123764,"Hessian_Eigenvalues/Top_53":0.043300509452819824,"Hessian_Eigenvalues/Top_101":0.022136492654681206,"Hessian_Eigenvalues/Top_87":0.02992028370499611,"Hessian_Eigenvalues/Top_77":0.03311844915151596,"Hessian_Eigenvalues/Top_61":0.039832472801208496,"Hessian_Eigenvalues/Top_115":0.018293235450983047,"Hessian_Eigenvalues/Top_109":0.0184607096016407,"Hessian_Eigenvalues/Top_146":0.008564632385969162,"_timestamp":1.748576781861187e+09,"Hessian_Eigenvalues/Top_16":0.1276489943265915,"Hessian_Eigenvalues/Top_64":0.039139240980148315,"Hessian_Eigenvalues/Top_129":0.013772326521575451,"Hessian_Eigenvalues/Top_112":0.018293149769306183,"Hessian_Eigenvalues/Top_28":0.06466181576251984,"Hessian_Eigenvalues/Top_40":0.05187024921178818,"Hessian_Eigenvalues/Top_83":0.030857540667057037,"Hessian_Eigenvalues/Top_137":0.00994618609547615,"Hessian_Eigenvalues/Top_102":0.022136418148875237,"Hessian_Eigenvalues/Top_10":0.22795622050762177}