{"hessian_eigenval_19_SGD_1.0_0.01_12138":0.1050339937210083,"hessian_eigenval_16_SGD_1.0_0.01_12138":0.12764763832092285,"hessian_eigenval_26_SGD_1.0_0.01_12138":0.07429879903793335,"hessian_eigenval_13_SGD_1.0_0.01_12138":0.142844095826149,"hessian_eigenval_29_SGD_1.0_0.01_12138":0.06352390348911285,"hessian_eigenval_43_SGD_1.0_0.01_12138":0.049096547067165375,"hessian_eigenval_17_SGD_1.0_0.01_12138":0.12188069522380829,"_step":500,"hessian_eigenval_10_SGD_1.0_0.01_12138":0.22795607149600983,"hessian_eigenval_40_SGD_1.0_0.01_12138":0.05186734348535538,"hessian_eigenval_21_SGD_1.0_0.01_12138":0.07528136670589447,"hessian_eigenval_31_SGD_1.0_0.01_12138":0.058826744556427,"hessian_eigenval_49_SGD_1.0_0.01_12138":0.04608899727463722,"hessian_eigenval_7_SGD_1.0_0.01_12138":0.263992577791214,"hessian_eigenval_20_SGD_1.0_0.01_12138":0.07528163492679596,"max_eigenval_W3_SGD_1.0_0.01_12138":3.229560375213623,"hessian_eigenval_35_SGD_1.0_0.01_12138":0.05448188632726669,"hessian_eigenval_18_SGD_1.0_0.01_12138":0.11105573177337646,"_runtime":13222.786209857,"hessian_eigenval_27_SGD_1.0_0.01_12138":0.06723851710557938,"hessian_eigenval_3_SGD_1.0_0.01_12138":0.3052629232406616,"hessian_eigenval_11_SGD_1.0_0.01_12138":0.16240453720092773,"max_eigenval_W2_SGD_1.0_0.01_12138":1.5331463813781738,"hessian_eigenval_39_SGD_1.0_0.01_12138":0.0519835501909256,"hessian_eigenval_30_SGD_1.0_0.01_12138":0.062053777277469635,"hessian_eigenval_8_SGD_1.0_0.01_12138":0.2553827464580536,"hessian_eigenval_36_SGD_1.0_0.01_12138":0.05453639477491379,"hessian_eigenval_15_SGD_1.0_0.01_12138":0.12824290990829468,"hessian_eigenval_32_SGD_1.0_0.01_12138":0.05802324414253235,"hessian_eigenval_5_SGD_1.0_0.01_12138":0.2816905379295349,"hessian_eigenval_6_SGD_1.0_0.01_12138":0.2706196904182434,"hessian_eigenval_12_SGD_1.0_0.01_12138":0.14826756715774536,"hessian_eigenval_44_SGD_1.0_0.01_12138":0.048148661851882935,"max_hessian_auto_SGD_1.0_0.01_12138":0.5403432846069336,"hessian_eigenval_24_SGD_1.0_0.01_12138":0.07528138905763626,"_wandb":{"runtime":13222},"hessian_eigenval_4_SGD_1.0_0.01_12138":0.29678088426589966,"hessian_eigenval_46_SGD_1.0_0.01_12138":0.047921501100063324,"Training Loss":1.1810105844667351e-14,"hessian_eigenval_45_SGD_1.0_0.01_12138":0.04810488224029541,"hessian_eigenval_22_SGD_1.0_0.01_12138":0.07528147846460342,"hessian_eigenval_50_SGD_1.0_0.01_12138":0.044219765812158585,"max_eigenval_W1_SGD_1.0_0.01_12138":7.299347400665283,"hessian_eigenval_42_SGD_1.0_0.01_12138":0.0501367524266243,"hessian_eigenval_1_SGD_1.0_0.01_12138":0.5403432846069336,"hessian_eigenval_2_SGD_1.0_0.01_12138":0.3241389989852905,"hessian_eigenval_41_SGD_1.0_0.01_12138":0.05129028111696243,"hessian_eigenval_38_SGD_1.0_0.01_12138":0.052092306315898895,"_timestamp":1.7485479405935583e+09,"hessian_eigenval_34_SGD_1.0_0.01_12138":0.05567179247736931,"hessian_eigenval_28_SGD_1.0_0.01_12138":0.06466151773929596,"hessian_eigenval_9_SGD_1.0_0.01_12138":0.23856091499328613,"hessian_eigenval_14_SGD_1.0_0.01_12138":0.13657015562057495,"hessian_eigenval_33_SGD_1.0_0.01_12138":0.057517025619745255,"hessian_eigenval_23_SGD_1.0_0.01_12138":0.0752812996506691,"hessian_eigenval_47_SGD_1.0_0.01_12138":0.046146102249622345,"hessian_eigenval_48_SGD_1.0_0.01_12138":0.046068429946899414,"hessian_eigenval_25_SGD_1.0_0.01_12138":0.0752815306186676,"hessian_eigenval_37_SGD_1.0_0.01_12138":0.052234143018722534}