{"_timestamp":1.7474936514062047e+09,"_runtime":35.248788177,"_step":70,"loss":NaN,"max_hessian_auto_SGD_100_5.305":NaN,"max_egenvalue_W1_SGD_100_5.305":NaN,"max_egenvalue_W2_SGD_100_5.305":NaN,"_wandb":{"runtime":35}}