{"_timestamp":1.7474932399697115e+09,"_runtime":72.950660529,"_step":70,"max_egenvalue_W1_SGD_100_5.315":NaN,"max_egenvalue_W2_SGD_100_5.315":NaN,"max_hessian_auto_SGD_100_5.315":NaN,"_wandb":{"runtime":72},"loss":NaN}