{"hessian_eigenval_4_SGD_1.0_0.0005387931034482759_12138":0.20360904932022095,"_wandb":{"runtime":13000},"max_eigenval_W3_SGD_1.0_0.0005387931034482759_12138":3.5220792293548584,"max_hessian_auto_SGD_1.0_0.0005387931034482759_12138":0.46686798334121704,"hessian_eigenval_2_SGD_1.0_0.0005387931034482759_12138":0.24032267928123474,"max_eigenval_W1_SGD_1.0_0.0005387931034482759_12138":3.566080093383789,"_step":500,"hessian_eigenval_3_SGD_1.0_0.0005387931034482759_12138":0.23766136169433594,"hessian_eigenval_5_SGD_1.0_0.0005387931034482759_12138":0.187935471534729,"_timestamp":1.748546595296387e+09,"_runtime":13000.950197349,"max_eigenval_W2_SGD_1.0_0.0005387931034482759_12138":1.9274094104766846,"hessian_eigenval_1_SGD_1.0_0.0005387931034482759_12138":0.46686798334121704,"Training Loss":0.043396901339292526}