{"Raw_Hessian_Eigenvalues/Top_49":0.03984612971544266,"Raw_Hessian_Eigenvalues/Top_15":0.12171508371829987,"Training_Loss_Plot":{"format":"png","width":3566,"height":2380,"_type":"image-file","sha256":"c8375f028ad08481b768fc446961f8f2188ba2fd4099f3ba7ab41183afc44241","size":226794,"path":"media/images/Training_Loss_Plot_500_c8375f028ad08481b768.png"},"Raw_Hessian_Eigenvalues/Top_25":0.07489021867513657,"Raw_Hessian_Eigenvalues/Top_22":0.07489009201526642,"Raw_Hessian_Eigenvalues/Top_47":0.041617944836616516,"_timestamp":1.7486166678089898e+09,"Raw_Hessian_Eigenvalues/Top_3":0.2401725947856903,"Raw_Hessian_Eigenvalues/Top_28":0.06331328302621841,"Raw_Hessian_Eigenvalues/Top_18":0.07647771388292313,"Raw_Hessian_Eigenvalues/Top_23":0.07489015907049179,"Raw_Hessian_Eigenvalues/Top_16":0.1174275130033493,"max_raw_hessian_SGD_1.0_0.01_12138":0.423066109418869,"_step":501,"Raw_Hessian_Eigenvalues/Top_5":0.2236146479845047,"Raw_Hessian_Eigenvalues/Top_24":0.07489019632339478,"Raw_Hessian_Eigenvalues/Top_26":0.07205590605735779,"Raw_Hessian_Eigenvalues/Top_7":0.20985418558120728,"Raw_Hessian_Eigenvalues/Top_14":0.1258178949356079,"Raw_Hessian_Eigenvalues/Top_20":0.07489026337862015,"Training Loss":4.36320618746322e-07,"Raw_Hessian_Eigenvalues/Top_30":0.057409174740314484,"Raw_Hessian_Eigenvalues/Top_44":0.044253453612327576,"Top_K_Raw_Eigenvalues_Plot":{"size":750088,"path":"media/images/Top_K_Raw_Eigenvalues_Plot_501_f513c53f02cd02c9c07a.png","format":"png","width":4782,"height":3580,"_type":"image-file","sha256":"f513c53f02cd02c9c07ae11b34389a65ec64f92a885a2a7ae5bc7a1ecf250dc0"},"Raw_Hessian_Eigenvalues/Top_2":0.2594635486602783,"Raw_Hessian_Eigenvalues/Top_11":0.14272840321063995,"Raw_Hessian_Eigenvalues/Top_6":0.21217170357704163,"Raw_Hessian_Eigenvalues/Top_37":0.04941195994615555,"Raw_Hessian_Eigenvalues/Top_50":0.0391726940870285,"Raw_Hessian_Eigenvalues/Top_12":0.1415373682975769,"Raw_Hessian_Eigenvalues/Top_42":0.044968485832214355,"Raw_Hessian_Eigenvalues/Top_31":0.055101342499256134,"Raw_Hessian_Eigenvalues/Top_36":0.04973322153091431,"Raw_Hessian_Eigenvalues/Top_45":0.043211378157138824,"Raw_Hessian_Eigenvalues/Top_48":0.04109575226902962,"Raw_Hessian_Eigenvalues/Top_35":0.05082651227712631,"Raw_Hessian_Eigenvalues/Top_8":0.1985364407300949,"Raw_Hessian_Eigenvalues/Top_17":0.10986071079969406,"Raw_Hessian_Eigenvalues/Top_21":0.07489007711410522,"Raw_Hessian_Eigenvalues/Top_34":0.05113479495048523,"Raw_Hessian_Eigenvalues/Top_27":0.0633855015039444,"Raw_Hessian_Eigenvalues/Top_33":0.05148361623287201,"Raw_Hessian_Eigenvalues/Top_32":0.05615132302045822,"Raw_Hessian_Eigenvalues/Top_40":0.04597790539264679,"Raw_Hessian_Eigenvalues/Top_13":0.13745950162410736,"Raw_Hessian_Eigenvalues/Top_10":0.14499501883983612,"Raw_Hessian_Eigenvalues/Top_4":0.22770476341247559,"Raw_Hessian_Eigenvalues/Top_9":0.1571049988269806,"Raw_Hessian_Eigenvalues/Top_43":0.0446571409702301,"Raw_Hessian_Eigenvalues/Top_46":0.04217371344566345,"Raw_Hessian_Eigenvalues/Top_39":0.04826571047306061,"Raw_Hessian_Eigenvalues/Top_41":0.04570579528808594,"Raw_Hessian_Eigenvalues/Top_29":0.0589306578040123,"_runtime":13538.533266205,"Raw_Hessian_Eigenvalues/Top_19":0.07591566443443298,"_wandb":{"runtime":13538},"Raw_Hessian_Eigenvalues/Top_38":0.04867507144808769,"Raw_Hessian_Eigenvalues/Top_1":0.423066109418869}