{"hessian_eigenval_15_SGD_1.0_0.01_12138":0.1282440721988678,"_wandb":{"runtime":2843},"_runtime":2843.358421839,"hessian_eigenval_20_SGD_1.0_0.01_12138":0.07528145611286163,"hessian_eigenval_4_SGD_1.0_0.01_12138":0.29678142070770264,"hessian_eigenval_17_SGD_1.0_0.01_12138":0.12188068777322769,"_step":500,"hessian_eigenval_14_SGD_1.0_0.01_12138":0.13657045364379883,"hessian_eigenval_16_SGD_1.0_0.01_12138":0.1276465207338333,"hessian_eigenval_11_SGD_1.0_0.01_12138":0.16240452229976654,"max_eigenval_W3_SGD_1.0_0.01_12138":3.229560375213623,"hessian_eigenval_10_SGD_1.0_0.01_12138":0.22795632481575012,"hessian_eigenval_8_SGD_1.0_0.01_12138":0.2553824782371521,"hessian_eigenval_13_SGD_1.0_0.01_12138":0.1428440809249878,"hessian_eigenval_5_SGD_1.0_0.01_12138":0.28168946504592896,"_timestamp":1.7485388804561927e+09,"hessian_eigenval_19_SGD_1.0_0.01_12138":0.10503392666578293,"max_hessian_auto_SGD_1.0_0.01_12138":0.540343165397644,"hessian_eigenval_12_SGD_1.0_0.01_12138":0.1482672542333603,"hessian_eigenval_7_SGD_1.0_0.01_12138":0.2639930248260498,"hessian_eigenval_3_SGD_1.0_0.01_12138":0.30526232719421387,"hessian_eigenval_2_SGD_1.0_0.01_12138":0.32413947582244873,"hessian_eigenval_18_SGD_1.0_0.01_12138":0.11105573177337646,"max_eigenval_W2_SGD_1.0_0.01_12138":1.5331463813781738,"hessian_eigenval_6_SGD_1.0_0.01_12138":0.2706199884414673,"hessian_eigenval_9_SGD_1.0_0.01_12138":0.23856070637702942,"hessian_eigenval_1_SGD_1.0_0.01_12138":0.540343165397644,"max_eigenval_W1_SGD_1.0_0.01_12138":7.299347400665283,"Training Loss":1.1810105844667351e-14}