{"_wandb":{"runtime":15},"_timestamp":1.7453127649059718e+09,"_runtime":15.029816075,"_step":0,"loss/SGD":84.67489624023438}