{"_runtime":17.899097123,"_step":500,"loss":0.004363227169960737,"max_hessian_auto_SGD_100_5.3":1.7441329956054688,"max_egenvalue_W1_SGD_100_5.3":20.51485824584961,"max_egenvalue_W2_SGD_100_5.3":1.4708888530731201,"_wandb":{"runtime":17},"_timestamp":1.7474929005616567e+09}