{"_step":500,"max_hessian_auto_SGD_100_5.3":1.7441329956054688,"max_egenvalue_W1_SGD_100_5.3":20.51485824584961,"max_egenvalue_W2_SGD_100_5.3":1.4708888530731201,"_wandb":{"runtime":16},"loss":0.004363227169960737,"_timestamp":1.7474935210078666e+09,"_runtime":16.693421184}