{"max_hessian_auto_SGD_0.01_5.0_2000":0.5174444317817688,"_timestamp":1.7485298608583279e+09,"max_hessian_auto_SGD_0.01_5.0_100":0.5336802005767822,"_wandb":{"runtime":55},"max_hessian_auto_SGD_0.01_5.0_500":0.5702728033065796,"max_hessian_auto_SGD_0.01_5.0_42":0.5066487193107605,"_runtime":55.818891983,"max_hessian_auto_SGD_0.01_5.0_12138":0.5305458307266235,"_step":500}