{"max_eigenval_W2_SGD_1.0_0.01_12138":1.9407635927200317,"_timestamp":1.7485334690370743e+09,"_runtime":36.575475644,"max_hessian_auto_SGD_1.0_0.01_12138":0.46753406524658203,"_wandb":{"runtime":36},"max_eigenval_W3_SGD_1.0_0.01_12138":3.4673871994018555,"max_eigenval_W1_SGD_1.0_0.01_12138":3.77799129486084,"_step":500,"Training Loss":0.004922152031213045}