{"max_egenvalue_W1_SGD_100_5.33":NaN,"max_egenvalue_W2_SGD_100_5.33":NaN,"_wandb":{"runtime":37},"_runtime":37.577526465,"_step":35,"loss":NaN,"_timestamp":1.7474931164543982e+09,"max_hessian_auto_SGD_100_5.33":NaN}