{"hessian_eigenval_3_SGD_1.0_0.01_12138":0.305263489484787,"max_eigenval_W1_SGD_1.0_0.01_12138":7.299347400665283,"hessian_eigenval_29_SGD_1.0_0.01_12138":0.06352372467517853,"hessian_eigenval_2_SGD_1.0_0.01_12138":0.3241392970085144,"hessian_eigenval_28_SGD_1.0_0.01_12138":0.06466181576251984,"hessian_eigenval_6_SGD_1.0_0.01_12138":0.27061909437179565,"hessian_eigenval_11_SGD_1.0_0.01_12138":0.16240452229976654,"max_eigenval_W3_SGD_1.0_0.01_12138":3.229560375213623,"_wandb":{"runtime":5518},"hessian_eigenval_7_SGD_1.0_0.01_12138":0.2639932930469513,"_step":500,"hessian_eigenval_19_SGD_1.0_0.01_12138":0.1050339788198471,"hessian_eigenval_18_SGD_1.0_0.01_12138":0.11105571687221527,"hessian_eigenval_9_SGD_1.0_0.01_12138":0.23856082558631897,"hessian_eigenval_26_SGD_1.0_0.01_12138":0.074297696352005,"hessian_eigenval_25_SGD_1.0_0.01_12138":0.07528167963027954,"hessian_eigenval_24_SGD_1.0_0.01_12138":0.07528150081634521,"hessian_eigenval_5_SGD_1.0_0.01_12138":0.2816902995109558,"max_eigenval_W2_SGD_1.0_0.01_12138":1.5331463813781738,"hessian_eigenval_13_SGD_1.0_0.01_12138":0.14284411072731018,"_timestamp":1.7485416266444104e+09,"hessian_eigenval_30_SGD_1.0_0.01_12138":0.06205367669463158,"hessian_eigenval_12_SGD_1.0_0.01_12138":0.1482674777507782,"max_hessian_auto_SGD_1.0_0.01_12138":0.5403432846069336,"Training Loss":1.1810105844667351e-14,"hessian_eigenval_22_SGD_1.0_0.01_12138":0.07528197765350342,"hessian_eigenval_16_SGD_1.0_0.01_12138":0.12764734029769897,"hessian_eigenval_23_SGD_1.0_0.01_12138":0.07528180629014969,"hessian_eigenval_27_SGD_1.0_0.01_12138":0.06723844259977341,"hessian_eigenval_1_SGD_1.0_0.01_12138":0.5403432846069336,"_runtime":5518.793791802,"hessian_eigenval_20_SGD_1.0_0.01_12138":0.0752815529704094,"hessian_eigenval_21_SGD_1.0_0.01_12138":0.07528135180473328,"hessian_eigenval_4_SGD_1.0_0.01_12138":0.29677990078926086,"hessian_eigenval_14_SGD_1.0_0.01_12138":0.13657015562057495,"hessian_eigenval_10_SGD_1.0_0.01_12138":0.22795632481575012,"hessian_eigenval_17_SGD_1.0_0.01_12138":0.12188054621219635,"hessian_eigenval_15_SGD_1.0_0.01_12138":0.12824350595474243,"hessian_eigenval_8_SGD_1.0_0.01_12138":0.25538256764411926}